<?xml version="1.0" encoding="UTF-8"?>
<metadata xml:lang="es"><Esri><CreaDate>20171006</CreaDate><CreaTime>08265300</CreaTime><ArcGISFormat>1.0</ArcGISFormat><SyncOnce>TRUE</SyncOnce><DataProperties><lineage><Process ToolSource="c:\program files (x86)\arcgis\desktop10.1\ArcToolbox\Toolboxes\Data Management Tools.tbx\CalculateStatistics" Date="20171006" Time="082653">CalculateStatistics "E:\FABIANA\DATA GIS\Argentina\geonode_precipitacion_anual.tif" 1 1 # OVERWRITE "Feature Set"</Process></lineage></DataProperties></Esri></metadata>
